,City,Lat,Lng,Max Temp,Humidity,Cloudiness,Wind Speed,Country,Date
0,Khatanga,71.9667,102.5,56.1,76,100,8.93,RU,1629099479
1,Bhuj,23.2667,69.6667,91.67,45,46,11.99,IN,1629099479
2,Half Moon Bay,37.4636,-122.4286,67.82,87,1,0.0,US,1629099479
3,Albany,42.6001,-73.9662,58.39,91,96,2.98,US,1629099330
4,Norman Wells,65.282,-126.8329,46.44,100,20,4.61,CA,1629099480
5,Kapaa,22.0752,-159.319,80.58,78,75,12.66,US,1629099480
6,Punta Arenas,-53.15,-70.9167,41.11,93,90,3.44,CL,1629099481
7,Busselton,-33.65,115.3333,74.08,59,0,4.63,AU,1629099481
8,Indian Head,38.6001,-77.1622,76.1,85,90,3.0,US,1629099482
9,Ushuaia,-54.8,-68.3,40.66,87,90,2.3,AR,1629099482
10,Vaini,-21.2,-175.2,68.16,88,20,9.22,TO,1629099482
11,Nabire,-3.3667,135.4833,81.54,84,86,1.07,ID,1629099483
12,Adilcevaz,38.8039,42.7342,76.71,40,0,4.03,TR,1629099483
13,Skoghall,59.3232,13.4655,59.56,82,0,3.44,SE,1629099484
14,Butembo,0.15,29.2833,73.31,45,53,3.67,CD,1629099484
15,Ribeira Grande,38.5167,-28.7,72.0,94,40,8.05,PT,1629099484
16,Havre-St-Pierre,50.2334,-63.5986,61.16,82,75,5.75,CA,1629099485
17,Rumford,44.5537,-70.5509,56.8,83,0,3.6,US,1629099485
18,Necochea,-38.5473,-58.7368,43.03,91,96,10.36,AR,1629099486
19,Hambantota,6.1241,81.1185,93.54,55,75,17.27,LK,1629099486
20,Diplo,24.4667,69.584,92.95,44,12,15.86,PK,1629099486
21,Aseri,59.4506,26.8675,66.65,58,30,12.06,EE,1629099487
22,Dikson,73.5069,80.5464,41.76,99,100,17.76,RU,1629099487
23,Alugan,12.2188,125.4808,81.75,79,99,6.26,PH,1629099488
24,Chara,56.9064,118.2631,78.46,37,98,15.23,RU,1629099488
25,Ararat,39.8317,44.7049,84.54,25,0,2.51,AM,1629099488
26,Kununurra,-15.7667,128.7333,91.38,16,0,14.97,AU,1629099489
27,Rūdiškės,54.5167,24.8333,68.09,68,100,8.48,LT,1629099489
28,Vengerovo,55.6848,76.7471,75.15,52,100,7.7,RU,1629099490
29,Arlit,18.7369,7.3853,93.29,28,99,4.94,NE,1629099490
30,Hermanus,-34.4187,19.2345,65.89,63,100,9.1,ZA,1629099490
31,New Norfolk,-42.7826,147.0587,45.9,70,89,1.99,AU,1629099491
32,Butaritari,3.0707,172.7902,83.48,74,61,13.71,KI,1629099491
33,Husavik,66.0449,-17.3389,46.31,77,23,2.59,IS,1629099492
34,Rikitea,-23.1203,-134.9692,74.35,79,0,10.49,PF,1629099492
35,Aripuanã,-9.1667,-60.6333,70.0,58,0,1.03,BR,1629099492
36,Tasiilaq,65.6145,-37.6368,42.96,77,100,2.93,GL,1629099493
37,Chui,-33.6971,-53.4616,50.43,95,2,1.45,UY,1629099493
38,Tazovsky,67.4667,78.7,55.24,55,22,14.94,RU,1629099494
39,Mataura,-46.1927,168.8643,44.47,98,100,2.13,NZ,1629099494
40,Qaanaaq,77.484,-69.3632,37.65,99,100,6.91,GL,1629099495
41,Mlonggo,-6.5333,110.7,93.09,58,100,9.84,ID,1629099495
42,Constitución,-35.3333,-72.4167,51.76,91,100,22.64,CL,1629099496
43,Bredasdorp,-34.5322,20.0403,56.52,77,100,2.3,ZA,1629099253
44,Puerto Ayora,-0.7393,-90.3518,69.55,91,72,4.0,EC,1629099300
45,Airai,-8.9266,125.4092,67.1,66,83,5.95,TL,1629099497
46,Vao,-22.6667,167.4833,68.38,60,20,17.05,NC,1629099497
47,Kidal,18.4411,1.4078,86.07,50,100,14.81,ML,1629099497
48,Barra do Bugres,-15.0725,-57.1811,69.78,47,40,2.93,BR,1629099498
49,Bluff,-46.6,168.3333,44.8,90,100,13.65,NZ,1629099498
50,Khani,41.9563,42.9566,69.37,53,29,4.05,GE,1629099499
51,Bandrele,-12.9067,45.1914,80.35,65,0,13.8,YT,1629099499
52,Dengzhou,37.8086,120.7508,78.91,74,4,6.93,CN,1629099499
53,Sibolga,1.7427,98.7792,81.46,86,98,2.42,ID,1629099500
54,Khandyga,62.6667,135.6,70.5,76,85,1.28,RU,1629099500
55,Mazagão,-0.115,-51.2894,78.85,96,97,3.76,BR,1629099501
56,Geraldton,-28.7667,114.6,77.41,53,90,9.22,AU,1629099501
57,Saint Peter,13.25,-59.6167,77.56,83,66,11.72,BB,1629099501
58,Zhigalovo,54.8097,105.1578,69.08,52,100,7.72,RU,1629099502
59,Mahon,39.8885,4.2658,79.36,73,0,19.57,ES,1629099502
60,Córdoba,-31.4135,-64.1811,59.76,45,0,5.99,AR,1629099503
61,Hobart,-42.8794,147.3294,46.26,67,40,1.99,AU,1629099337
62,Erzin,36.9559,36.2,90.32,29,0,6.11,TR,1629099503
63,Atuona,-9.8,-139.0333,77.09,80,85,13.71,PF,1629099504
64,Kyshtovka,56.555,76.6271,75.65,49,97,6.51,RU,1629099504
65,Chippewa Falls,44.9369,-91.3929,62.98,85,1,4.61,US,1629098962
66,Bethel,41.3712,-73.414,67.93,84,1,0.0,US,1629099505
67,Laguna,38.421,-121.4238,87.62,61,1,1.99,US,1629099505
68,Oodweyne,9.4092,45.064,84.45,35,13,24.56,SO,1629099505
69,Gornoye Loo,43.7129,39.6049,78.58,64,91,2.53,RU,1629099506
70,Cidreira,-30.1811,-50.2056,56.62,96,11,6.35,BR,1629099506
71,Panguna,-6.3164,155.4848,68.68,99,100,3.13,PG,1629099507
72,Antalaha,-14.9003,50.2788,76.64,56,38,14.63,MG,1629099507
73,Hilo,19.7297,-155.09,74.93,78,90,8.05,US,1629099272
74,Kavaratti,10.5669,72.642,81.63,78,100,18.21,IN,1629099507
75,Vila do Maio,15.1333,-23.2167,79.59,93,88,9.4,CV,1629099508
76,Loukhi,66.0764,33.0381,51.06,95,100,8.1,RU,1629099508
77,Lagos,6.5833,3.75,77.32,83,100,5.32,NG,1629099102
78,Thinadhoo,0.5333,72.9333,83.03,72,100,13.49,MV,1629099509
79,Codrington,-38.2667,141.9667,52.63,75,97,17.49,AU,1629099510
80,Klaksvík,62.2266,-6.589,47.32,75,64,10.76,FO,1629099510
81,Carnarvon,-24.8667,113.6333,77.07,70,3,11.5,AU,1629099510
82,Kastamonu Province,41.5,33.6667,66.22,40,0,4.0,TR,1629099511
83,Bandarbeyla,9.4942,50.8122,89.58,46,89,28.21,SO,1629099511
84,Chul'man,56.8479,124.9104,75.47,50,26,9.69,RU,1629099512
85,Kodinsk,58.6881,99.1844,69.46,49,97,9.15,RU,1629099512
86,Kalmunai,7.4167,81.8167,88.3,56,100,10.42,LK,1629099512
87,Marabu,4.4148,114.0089,78.94,94,40,4.61,MY,1629099513
88,Beruwala,6.4788,79.9828,81.9,75,100,11.18,LK,1629099513
89,Avarua,-21.2078,-159.775,69.85,78,75,8.05,CK,1629099514
90,Galesong,-5.3166,119.3661,87.82,64,48,10.09,ID,1629099514
91,Barrow,71.2906,-156.7887,35.62,80,40,25.32,US,1629099515
92,Padang,-0.9492,100.3543,84.25,78,100,2.71,ID,1629099515
93,Keetmanshoop,-26.5833,18.1333,59.92,38,13,14.97,NA,1629099515
94,Goderich,43.7501,-81.7165,58.91,88,61,4.61,CA,1629099516
95,Krasnosel'kup,65.7,82.4667,64.4,41,3,17.49,RU,1629099516
96,Río Gallegos,-51.6226,-69.2181,41.05,93,90,6.91,AR,1629099517
97,Fortuna,40.5982,-124.1573,62.42,74,90,1.99,US,1629099517
98,Uzhur,55.3036,89.8339,71.92,45,10,4.29,RU,1629099517
99,Bima,-8.4667,118.7167,89.49,47,64,1.7,ID,1629099518
100,Arraial do Cabo,-22.9661,-42.0278,67.55,86,8,18.7,BR,1629099518
101,Longyearbyen,78.2186,15.6401,40.84,70,75,6.91,SJ,1629099518
102,Kokopo,-4.352,152.2633,76.68,89,99,9.28,PG,1629099519
103,Bambous Virieux,-20.3428,57.7575,74.21,56,20,11.5,MU,1629099519
104,Cockburn Town,21.4612,-71.1419,82.71,84,68,19.69,TC,1629099520
105,Arrondissement d'Ajaccio,42.0,8.9167,79.29,47,0,5.75,FR,1629099520
106,Ponta do Sol,32.6667,-17.1,86.63,19,8,5.68,PT,1629099521
107,Ancud,-41.8697,-73.8203,51.22,89,100,27.11,CL,1629099522
108,Pevek,69.7008,170.3133,33.37,80,95,8.5,RU,1629099522
109,Esperance,-33.8667,121.9,67.84,67,2,12.8,AU,1629099522
110,Torbay,47.6666,-52.7314,67.57,96,90,18.41,CA,1629099330
111,Tallinn,59.437,24.7535,66.45,77,40,11.5,EE,1629099523
112,Madang,-5.2246,145.7966,80.65,85,60,4.97,PG,1629099523
113,Gryazovets,58.88,40.2525,69.33,52,0,11.56,RU,1629099524
114,Lewisporte,49.2499,-55.0482,67.71,97,3,4.18,CA,1629099524
115,Roald,62.5833,6.1333,61.16,77,40,17.27,NO,1629099524
116,Monrovia,6.3005,-10.7969,76.89,79,89,11.61,LR,1629099525
117,Cape Town,-33.9258,18.4232,67.1,80,0,2.3,ZA,1629099426
118,Mayrtup,43.2017,46.1333,80.13,57,80,2.06,RU,1629099525
119,Tiksi,71.6872,128.8694,45.64,78,12,6.4,RU,1629099526
120,Thompson,55.7435,-97.8558,57.36,77,75,2.3,CA,1629099409
121,Lebu,-37.6167,-73.65,52.81,94,100,30.6,CL,1629099526
122,Clemencia,10.5665,-75.325,78.39,85,18,2.62,CO,1629099527
123,Olafsvik,64.8945,-23.7142,53.8,86,68,8.81,IS,1629099527
124,Gemeente Wageningen,51.9667,5.6667,63.86,92,75,1.99,NL,1629099528
125,Slonim,53.0867,25.3219,71.33,77,100,6.42,BY,1629099528
126,Yellowknife,62.456,-114.3525,54.12,82,75,13.8,CA,1629099472
127,Pangody,65.85,74.4859,67.96,43,6,15.43,RU,1629099529
128,Hendek,40.7994,30.7481,73.72,41,0,4.07,TR,1629099529
129,Tapes,-30.6733,-51.3958,56.21,92,100,2.01,BR,1629099529
130,Port Blair,11.6667,92.75,82.44,89,90,6.91,IN,1629099530
131,Tuktoyaktuk,69.4541,-133.0374,45.97,86,97,6.38,CA,1629099530
132,Touros,-5.1989,-35.4608,70.7,85,65,14.27,BR,1629099305
133,Port Macquarie,-31.4333,152.9167,69.76,49,0,1.16,AU,1629099531
134,Lianzhou,24.7811,112.3825,87.37,76,95,3.2,CN,1629099531
135,Taicheng,38.731,113.228,78.78,53,53,6.24,CN,1629099532
136,Khvastovichi,53.4694,35.0941,75.34,46,53,2.73,RU,1629099532
137,Sept-Îles,50.2001,-66.3821,53.06,88,1,3.44,CA,1629099482
138,Mokhotlong,-29.2894,29.0675,46.02,48,0,3.65,LS,1629099533
139,Berezayka,57.9883,33.9036,67.35,50,57,10.54,RU,1629099533
140,Kaitangata,-46.2817,169.8464,45.73,90,100,3.58,NZ,1629099534
141,Harper,4.375,-7.7169,77.18,70,100,5.39,LR,1629099534
142,Kruisfontein,-34.0033,24.7314,66.87,42,0,7.18,ZA,1629099534
143,Clyde River,70.4692,-68.5914,40.91,92,100,2.26,CA,1629099535
144,Port Elizabeth,-33.918,25.5701,59.29,77,0,5.75,ZA,1629099535
145,East London,-33.0153,27.9116,63.54,63,0,11.5,ZA,1629099536
146,Mar del Plata,-38.0023,-57.5575,50.02,100,75,3.44,AR,1629099327
147,Saint Paul Harbor,57.79,-152.4072,56.71,67,1,4.61,US,1629099536
148,Jevnaker,60.2414,10.385,60.69,86,100,7.31,NO,1629099537
149,Portland,45.5234,-122.6762,73.62,66,20,1.01,US,1629099199
150,Asău,46.4333,26.4,82.76,33,3,3.13,RO,1629099538
151,Ormara,25.2088,64.6357,80.15,80,4,13.27,PK,1629099538
152,Kedrovyy,56.1667,91.8167,73.81,39,86,6.78,RU,1629099538
153,Elko,41.0002,-115.5012,71.64,17,0,5.99,US,1629099539
154,Provideniya,64.3833,-173.3,42.93,88,100,10.58,RU,1629099539
155,Burnie,-41.0667,145.9167,45.81,70,7,15.7,AU,1629099540
156,Nur-Sultan,51.1801,71.446,80.55,29,0,6.71,KZ,1629099540
157,Aksu,41.1231,80.2644,84.63,16,100,10.36,CN,1629099541
158,Linjiang,41.8069,126.9078,77.11,68,100,3.98,CN,1629099541
159,Khasan,42.4308,130.6434,70.43,77,80,10.18,RU,1629099541
160,Itaúna,-20.0753,-44.5764,59.41,73,13,3.49,BR,1629099542
161,Kawalu,-7.3817,108.2082,83.7,61,60,6.98,ID,1629099542
162,Semīrom,31.4167,51.5667,81.99,13,0,7.85,IR,1629099543
163,George Town,5.4112,100.3354,82.35,79,20,1.99,MY,1629099318
164,Monroe,43.1501,-77.6831,60.31,85,1,0.0,US,1629099413
165,Castro,-24.7911,-50.0119,54.72,95,68,3.18,BR,1629099543
166,Tessalit,20.1986,1.0114,93.78,31,6,10.04,ML,1629099544
167,Tanabe,33.7333,135.3667,80.92,74,75,1.99,JP,1629099544
168,Hithadhoo,-0.6,73.0833,83.35,70,100,13.13,MV,1629099545
169,Khakhea,-24.6895,23.494,66.18,45,27,19.46,BW,1629099545
170,Show Low,34.2542,-110.0298,67.71,88,75,5.75,US,1629099398
171,Los Llanos de Aridane,28.6585,-17.9182,69.55,88,0,16.11,ES,1629099546
172,Batagay-Alyta,67.8006,130.4114,48.97,80,100,2.42,RU,1629099546
173,Rokytnice nad Jizerou,50.7256,15.4336,74.25,68,100,5.5,CZ,1629099546
174,Prince Rupert,54.3161,-130.3201,55.09,87,90,2.3,CA,1629099547
175,Mananara,-16.1667,49.7667,71.85,73,67,10.04,MG,1629099547
176,Halifax,44.6453,-63.5724,62.6,79,52,6.91,CA,1629099376
177,Grand Gaube,-20.0064,57.6608,74.37,54,45,7.0,MU,1629099548
178,Celestún,20.8667,-90.4,77.38,85,52,6.58,MX,1629099548
179,Dali,25.7,100.1833,71.56,83,98,4.5,CN,1629099549
180,Olinda,-8.0089,-34.8553,67.73,83,0,4.61,BR,1629099321
181,Kanbe,16.7053,96.0017,86.05,88,100,9.44,MM,1629099549
182,Kahului,20.8947,-156.47,76.26,72,40,8.05,US,1629099550
183,Katsuura,35.1333,140.3,73.51,94,100,13.33,JP,1629099550
184,Mbour,14.422,-16.9638,78.89,91,100,13.91,SN,1629099550
185,Talnakh,69.4865,88.3972,51.93,87,100,10.04,RU,1629099551
186,Ust-Maya,60.4167,134.5333,83.97,45,80,5.75,RU,1629099551
187,Samarai,-10.6167,150.6667,79.2,85,48,16.04,PG,1629099552
188,Vila Franca do Campo,37.7167,-25.4333,72.01,89,90,7.49,PT,1629099552
189,Gigmoto,13.7796,124.39,84.96,73,73,7.09,PH,1629099553
190,Narsaq,60.9167,-46.05,46.62,98,100,1.92,GL,1629099553
191,Riverton,40.5219,-111.9391,75.38,38,40,1.01,US,1629099553
192,Shirgaon,19.7,72.7,80.62,66,29,9.33,IN,1629099554
193,Moose Factory,51.2585,-80.6094,73.4,64,1,16.11,CA,1629099554
194,Mercedes,-34.6515,-59.4307,49.86,94,70,6.89,AR,1629099493
195,Nishihara,26.1842,127.7558,87.85,79,75,9.22,JP,1629099555
196,Bambanglipuro,-7.95,110.2833,82.69,71,2,19.6,ID,1629099555
197,Davila,18.4726,120.5763,87.78,76,89,8.37,PH,1629099556
198,Yar-Sale,66.8333,70.8333,66.34,48,100,15.3,RU,1629099556
199,Chokurdakh,70.6333,147.9167,50.16,45,100,8.95,RU,1629099556
200,Severo-Kuril'sk,50.6789,156.125,55.51,91,33,12.88,RU,1629099557
201,Port Alfred,-33.5906,26.891,67.35,51,2,10.02,ZA,1629099557
202,Barabai,-2.5833,115.3833,82.47,75,97,4.74,ID,1629099558
203,Baculin,7.4525,126.5842,84.42,72,100,7.2,PH,1629099558
204,Mahébourg,-20.4081,57.7,74.25,56,20,11.5,MU,1629099559
205,Cabo San Lucas,22.8909,-109.9124,84.51,78,12,3.0,MX,1629099411
206,Freeport,40.6576,-73.5832,74.01,83,1,0.0,US,1629099394
207,Korem,12.5058,39.5228,68.32,53,32,5.95,ET,1629099559
208,Grand-Santi,4.25,-54.3833,69.4,99,100,0.94,GF,1629099560
209,Tarko-Sale,64.9225,77.785,66.79,42,3,18.66,RU,1629099560
210,Santa Maria,-29.6842,-53.8069,51.89,97,13,3.4,BR,1629099561
211,Mount Gambier,-37.8333,140.7667,51.71,87,75,13.8,AU,1629099390
212,Saint-Leu,-21.15,55.2833,72.43,67,73,15.57,RE,1629099561
213,Pec,42.6591,20.2883,75.49,29,0,3.98,XK,1629099562
214,Isangel,-19.55,169.2667,70.72,65,24,16.15,VU,1629099562
215,Alofi,-19.0595,-169.9187,69.69,94,75,6.91,NU,1629099563
216,Onega,63.9061,38.1404,58.66,84,100,9.37,RU,1629099563
217,Teguise,29.0605,-13.564,72.93,69,0,16.93,ES,1629099563
218,Cape Canaveral,28.4058,-80.6048,83.07,84,20,9.22,US,1629099564
219,Atakpamé,7.5333,1.1333,72.95,83,100,2.73,TG,1629099564
220,Kintampo,8.0563,-1.7306,72.12,77,100,5.12,GH,1629099565
221,Songyuan,45.1171,124.8568,76.69,66,99,5.55,CN,1629099565
222,Villa Unión,23.2,-106.2333,84.9,94,40,3.44,MX,1629099565
223,Biloela,-24.4167,150.5,72.25,38,95,7.36,AU,1629099566
224,Jamestown,42.097,-79.2353,64.71,92,20,1.01,US,1629099435
225,Flin Flon,54.7682,-101.865,64.33,55,100,4.99,CA,1629099566
226,Mareeba,-17.0,145.4333,72.45,78,55,6.67,AU,1629099567
227,Hong Kong,22.2855,114.1577,89.33,74,6,1.99,HK,1629099401
228,Neuquén,-38.9516,-68.0591,48.09,81,0,0.0,AR,1629099557
229,Umm Hājar,13.2954,19.6966,84.43,63,73,8.16,TD,1629099568
230,Ahipara,-35.1667,173.1667,53.31,90,39,7.52,NZ,1629099568
231,Pacific Grove,36.6177,-121.9166,66.42,95,90,3.0,US,1629099569
232,Sabha,27.0377,14.4283,88.74,25,0,16.78,LY,1629099569
233,Shache,38.4167,77.2406,86.47,9,0,3.6,CN,1629099569
234,Saint George,37.1041,-113.5841,90.63,29,1,1.99,US,1629099570
235,Cayenne,4.9333,-52.3333,75.09,92,90,0.0,GF,1629099570
236,Mezen',65.8522,44.24,58.55,86,100,10.36,RU,1629099571
237,Amapá,1.0,-52.0,69.24,99,100,0.78,BR,1629099571
238,Bengkulu,-3.8004,102.2655,87.69,58,45,7.99,ID,1629099571
239,Humaitá,-7.5061,-63.0208,74.34,62,29,1.34,BR,1629099572
240,Nizhniy Odes,63.6445,54.856,59.76,93,100,10.38,RU,1629099572
241,Hobyo,5.3505,48.5268,83.75,62,100,27.29,SO,1629099573
242,Inhambane,-23.865,35.3833,73.38,60,40,11.5,MZ,1629099573
243,Ponta Delgada,37.7333,-25.6667,72.32,94,40,10.36,PT,1629099438
244,Oktyabr'skiy,54.4815,53.471,92.28,14,97,10.6,RU,1629099557
245,Mandalgovi,45.7625,106.2708,78.78,28,96,12.82,MN,1629099574
246,Acapulco de Juárez,16.8634,-99.8901,78.15,85,100,3.87,MX,1629099450
247,Raudeberg,61.9875,5.1352,57.87,85,80,13.0,NO,1629099575
248,Ordu,40.9086,37.6845,61.3,82,100,2.3,TR,1629099575
249,Lata,40.1629,-8.3327,73.04,55,0,4.21,PT,1629099576
250,Nikolskoye,59.7035,30.7861,66.09,55,48,11.77,RU,1629099576
251,Tyukhtet,56.5389,89.3011,74.82,45,89,7.83,RU,1629099577
252,Ayia Varvara,34.9971,33.3683,91.15,23,0,4.16,CY,1629099577
253,Nelson Bay,-32.7167,152.15,66.96,56,0,9.46,AU,1629099577
254,Igarka,67.4667,86.5833,49.93,84,100,12.17,RU,1629099578
255,Torgelow,53.6333,14.0167,70.92,70,100,10.04,DE,1629099579
256,Saint-Philippe,-21.3585,55.7679,72.95,69,68,14.25,RE,1629099579
257,Irtyshskiy,58.3333,68.1333,77.77,41,1,4.18,RU,1629099579
258,Avera,33.194,-82.5271,75.74,96,99,4.94,US,1629099283
259,Mossamedes,-15.1961,12.1522,71.08,70,20,9.15,AO,1629099580
260,Qandala,11.472,49.8728,93.65,47,28,6.35,SO,1629099580
261,Saldanha,-33.0117,17.9442,57.25,57,100,10.69,ZA,1629099581
262,Hasaki,35.7333,140.8333,73.69,91,100,11.07,JP,1629099581
263,Shirokiy,49.758,129.523,76.75,71,100,5.32,RU,1629099582
264,Santa Rita,-7.1139,-34.9781,68.67,94,0,4.61,BR,1629099582
265,Cherskiy,68.75,161.3,43.77,74,69,10.33,RU,1629099582
266,Farafangana,-22.8167,47.8333,67.33,72,100,5.93,MG,1629099583
267,Meulaboh,4.1363,96.1285,82.27,73,99,9.48,ID,1629099583
268,Honningsvåg,70.9821,25.9704,44.35,81,75,8.3,NO,1629099583
269,Sinnamary,5.3833,-52.95,75.11,88,88,6.98,GF,1629099584
270,Jalu,29.0331,21.5482,84.25,32,0,7.85,LY,1629099584
271,Merke,42.8728,73.1786,74.93,35,25,8.7,KZ,1629099585
272,Casper,42.8666,-106.3131,65.71,56,1,1.01,US,1629099585
273,Lüderitz,-26.6481,15.1594,58.71,59,41,14.23,NA,1629099585
274,Nanortalik,60.1432,-45.2371,46.65,98,100,10.29,GL,1629099586
275,Hermiston,45.8404,-119.2895,85.8,36,1,10.36,US,1629099586
276,Kentau,43.5206,68.5094,81.41,22,0,17.87,KZ,1629099485
277,Kunduz,36.729,68.857,92.91,11,0,7.02,AF,1629099587
278,Ciudad Juárez,31.7333,-106.4833,76.17,74,75,3.44,MX,1629099543
279,Aklavik,68.2191,-135.0107,52.63,75,100,8.7,CA,1629099587
280,Taoudenni,22.6783,-3.9836,97.92,20,2,9.19,ML,1629099588
281,Gamba,-2.65,10.0,76.6,80,100,7.81,GA,1629099588
282,Lompoc,34.6391,-120.4579,62.28,96,90,6.91,US,1629099589
283,Verāval,20.9,70.3667,84.58,69,80,10.89,IN,1629099589
284,Republic,37.12,-93.4802,69.94,83,1,8.05,US,1629099589
285,Yarmouth,41.7057,-70.2286,68.97,89,1,0.0,US,1629099590
286,Kramat,-8.1311,113.4499,84.38,66,40,7.34,ID,1629099590
287,Juneau,58.3019,-134.4197,55.22,92,90,5.75,US,1629099591
288,Monywa,22.1167,95.1333,79.14,85,100,10.07,MM,1629099591
289,Ostrovnoy,68.0531,39.5131,48.78,96,100,15.7,RU,1629099591
290,Mount Isa,-20.7333,139.5,82.17,17,0,14.97,AU,1629099592
291,Amuntai,-2.4177,115.2494,86.9,61,95,3.87,ID,1629099592
292,Qiyang,26.5911,111.8474,80.58,86,100,2.55,CN,1629099593
293,Iguape,-24.7081,-47.5553,63.99,96,99,0.27,BR,1629099593
294,Lorengau,-2.0226,147.2712,81.9,78,99,6.49,PG,1629099593
295,Majene,-3.5403,118.9707,86.41,59,18,4.27,ID,1629099594
296,Azul,-36.777,-59.8585,41.72,93,100,6.67,AR,1629099594
297,Pangnirtung,66.1451,-65.7125,43.83,77,88,3.44,CA,1629099595
298,San Rafael,-34.6177,-68.3301,51.28,36,79,6.38,AR,1629099595
299,Anloga,5.7947,0.8973,75.42,78,97,11.27,GH,1629099595
300,Coari,-4.085,-63.1414,71.94,90,94,1.92,BR,1629099596
301,Launceston,-41.45,147.1667,49.64,43,75,11.5,AU,1629099596
302,Bonfim,3.0833,-59.95,72.09,92,96,3.62,BR,1629099597
303,Peremyshlyany,49.6652,24.5585,68.32,63,100,8.59,UA,1629099597
304,Gornozavodsk,58.3758,58.3211,75.2,45,47,7.7,RU,1629099598
305,Ziyang,29.2497,117.8547,79.93,90,97,1.7,CN,1629099598
306,Tsévié,6.4261,1.2133,74.28,71,99,7.67,TG,1629099598
307,Cabedelo,-6.9811,-34.8339,68.67,86,88,14.97,BR,1629099599
308,Fare,-16.7,-151.0167,79.07,72,3,11.95,PF,1629099599
309,Adrar,20.5022,-10.0711,87.85,42,64,13.38,MR,1629099600
310,Kattivākkam,13.2167,80.3167,87.89,60,100,7.63,IN,1629099600
311,Taku,39.0211,117.6469,82.36,59,48,6.89,CN,1629099600
312,Matara,5.9485,80.5353,85.46,66,99,14.25,LK,1629099601
313,Kochubey,44.3861,46.5825,88.68,35,59,12.97,RU,1629099601
314,Ilulissat,69.2167,-51.1,41.02,93,100,3.44,GL,1629099602
315,Kirakira,-10.4544,161.9205,78.39,88,98,9.17,SB,1629099603
316,Foam Lake,51.65,-103.5343,68.02,45,12,11.01,CA,1629099603
317,Eslāmshahr,35.5605,51.2346,88.68,20,40,11.5,IR,1629099604
318,Daşoguz,41.8363,59.9666,84.31,24,0,16.11,TM,1629099604
319,Jacareacanga,-6.2222,-57.7528,70.93,88,4,1.63,BR,1629099605
320,Belyy Yar,53.6039,91.3903,75.09,33,0,4.47,RU,1629099605
321,Champotón,19.35,-90.7167,75.4,93,60,5.88,MX,1629099606
322,General Roca,-39.0333,-67.5833,48.6,35,99,4.9,AR,1629099606
323,Iqaluit,63.7506,-68.5145,42.53,93,90,6.91,CA,1629099606
324,Rocha,-34.4833,-54.3333,53.96,92,100,4.25,UY,1629099607
325,Port Lincoln,-34.7333,135.8667,55.56,74,99,9.89,AU,1629099607
326,Vardø,70.3705,31.1107,48.4,81,40,12.66,NO,1629099608
327,Iranshahr,27.2025,60.6848,106.14,16,0,6.91,IR,1629099608
328,Pochutla,15.7432,-96.4661,77.83,91,100,4.05,MX,1629099608
329,Hofn,64.2539,-15.2082,53.37,84,100,0.34,IS,1629099609
330,Matagami,49.7502,-77.6328,62.71,82,1,10.36,CA,1629099609
331,Jizan,17.3333,42.6667,95.94,48,66,6.4,SA,1629099610
332,Henties Bay,-22.116,14.2845,61.18,71,0,3.87,NA,1629099610
333,Kathmandu,27.7167,85.3167,79.02,78,75,6.91,NP,1629099439
334,Mbaïki,3.8678,17.9892,73.89,89,100,2.66,CF,1629099611
335,Nizwá,22.9333,57.5333,102.42,24,10,6.69,OM,1629099612
336,São João da Barra,-21.6403,-41.0511,68.65,84,85,9.17,BR,1629099612
337,Morro Bay,35.3658,-120.8499,79.12,63,34,3.0,US,1629099612
338,Semnan,35.5729,53.3971,90.59,17,0,7.16,IR,1629099613
339,Upernavik,72.7868,-56.1549,42.1,98,100,1.16,GL,1629099613
340,Petropavlovsk-Kamchatskiy,53.0452,158.6483,66.79,68,0,2.24,RU,1629099613
341,Viedma,-40.8135,-62.9967,55.09,41,100,15.84,AR,1629099614
342,Carutapera,-1.195,-46.02,75.42,91,6,4.72,BR,1629099614
343,Fairbanks,64.8378,-147.7164,52.09,93,90,1.01,US,1629099331
344,Kumul,42.8,93.45,76.51,45,100,3.85,CN,1629099615
345,Bahía Solano,6.2262,-77.4044,77.13,86,95,0.76,CO,1629099615
346,Agnita,45.9667,24.6167,74.91,36,0,4.9,RO,1629099616
347,Samandağ,36.0842,35.9771,91.92,46,0,11.07,TR,1629099616
348,Sechura,-5.5569,-80.8222,63.3,82,100,11.65,PE,1629099617
349,Ishigaki,24.3448,124.1572,87.93,79,40,11.5,JP,1629099617
350,Bandiagara,14.3501,-3.6104,79.68,70,16,12.08,ML,1629099617
351,Bariloche,-41.1456,-71.3082,39.02,98,100,5.77,AR,1629099618
352,Marsh Harbour,26.5412,-77.0636,82.9,79,100,14.97,BS,1629099329
353,Seoul,37.5683,126.9778,87.4,42,0,3.44,KR,1629099437
354,Birao,10.2849,22.7882,81.39,70,32,3.09,CF,1629099619
355,Pāsighāt,28.0667,95.3333,81.72,95,97,3.13,IN,1629099619
356,Fuxin,42.0156,121.6589,71.82,81,100,4.16,CN,1629099619
357,Faya,18.3851,42.4509,82.92,22,51,5.17,SA,1629099620
358,Aykhal,66.0,111.5,62.6,54,63,4.72,RU,1629099620
359,Acaraú,-2.8856,-40.12,75.94,87,66,11.07,BR,1629099621
360,Terrace,54.5163,-128.6035,55.31,66,75,2.3,CA,1629099621
361,Zeya,53.75,127.2667,79.56,48,4,1.97,RU,1629099621
362,Horsham,51.064,-0.3272,61.5,66,20,11.5,GB,1629099622
363,Natal,-5.795,-35.2094,70.45,88,0,6.91,BR,1629099580
364,High Prairie,55.4334,-116.4858,63.7,43,34,9.62,CA,1629099622
365,Alveringem,50.9793,2.6775,62.01,81,75,17.27,BE,1629099623
366,Inongo,-1.95,18.2667,74.61,65,100,3.76,CD,1629099623
367,Kavieng,-2.5744,150.7967,81.84,78,96,15.21,PG,1629099624
368,Vanimo,-2.6741,141.3028,82.42,78,11,7.65,PG,1629099624
369,Chipinge,-20.1883,32.6236,63.28,54,9,7.96,ZW,1629099625
370,Cap Malheureux,-19.9842,57.6142,74.46,54,36,7.0,MU,1629099625
371,Tevaitoa,-16.7833,-151.5,79.0,73,8,12.15,PF,1629099625
372,Kaliua,-5.0606,31.7936,80.24,32,29,9.31,TZ,1629099626
373,Znamenskoye,57.1281,73.8282,75.76,45,100,6.29,RU,1629099626
374,Kaeo,-35.1,173.7833,52.32,89,5,6.15,NZ,1629099628
375,Faanui,-16.4833,-151.75,79.16,72,12,12.15,PF,1629099628
376,Leningradskiy,69.3833,178.4167,32.83,92,100,12.21,RU,1629099628
377,Puri,19.8,85.85,86.52,72,100,10.8,IN,1629099629
378,Auki,-8.7676,160.7034,77.23,86,100,2.13,SB,1629099629
379,Mkushi,-13.6202,29.3939,70.52,41,0,9.86,ZM,1629099630
380,Praia,14.9215,-23.5087,79.34,94,75,13.8,CV,1629099630
381,Mariehamn,60.0973,19.9348,60.66,77,0,8.05,AX,1629099630
382,Zaranj,30.9667,61.8833,94.96,7,0,15.84,AF,1629099631
383,Sorong,-0.8833,131.25,83.8,72,63,4.14,ID,1629099631
384,Port Augusta,-32.5,137.7667,57.34,66,0,14.81,AU,1629099632
385,Impfondo,1.6381,18.0667,83.19,62,99,2.13,CG,1629099632
386,Fort Nelson,58.8053,-122.7002,51.39,87,90,14.97,CA,1629099632
387,Macrohon,10.0797,124.9431,86.45,63,20,5.68,PH,1629099633
388,Puerto Limón,10.0,-83.0333,76.42,87,100,4.68,CR,1629099633
389,Chapais,49.7834,-74.8492,55.18,73,87,8.59,CA,1629099634
390,Treinta y Tres,-33.2333,-54.3833,48.47,90,0,1.86,UY,1629099634
391,La Ronge,55.1001,-105.2842,68.25,56,90,9.22,CA,1629099634
392,Camacha,33.0833,-16.3333,83.16,88,20,16.11,PT,1629099635
393,Nouakchott,18.0858,-15.9785,78.73,78,17,8.37,MR,1629099635
394,Tianpeng,30.9866,103.9393,75.67,92,100,9.42,CN,1629099636
395,Coquimbo,-29.9533,-71.3436,51.53,81,75,4.61,CL,1629099636
396,Saskylakh,71.9167,114.0833,63.88,41,100,14.41,RU,1629099637
397,Rome,43.2128,-75.4557,57.83,84,1,3.44,US,1629099552
398,Terekli-Mekteb,44.1671,45.8698,88.03,32,61,12.33,RU,1629099637
399,Soure,-0.7167,-48.5233,76.53,85,93,5.73,BR,1629099638
400,Joshīmath,30.5667,79.5667,80.11,56,19,8.95,IN,1629099638
401,Sandakan,5.8402,118.1179,87.48,70,20,5.75,MY,1629099639
402,Ciudad Bolivar,8.1222,-63.5497,73.06,92,79,3.71,VE,1629099639
403,Sittwe,20.15,92.9,78.57,94,100,11.43,MM,1629099640
404,Tutóia,-2.7619,-42.2744,75.94,88,3,8.34,BR,1629099640
405,Vadsø,70.0744,29.7487,48.36,71,75,11.5,NO,1629099641
406,Tonj,7.2737,28.6822,82.69,65,79,4.07,SS,1629099641
407,Barra dos Coqueiros,-10.9089,-37.0386,73.42,83,20,4.61,BR,1629099641
408,Snåase,64.2457,12.3778,54.81,64,88,2.28,NO,1629099642
409,Ewo,-0.8725,14.8206,83.7,56,85,6.02,CG,1629099642
410,Namatanai,-3.6667,152.4333,77.34,89,100,6.29,PG,1629099643
411,Salisbury,51.0693,-1.7957,61.48,81,75,13.8,GB,1629099594
412,Challans,46.8436,-1.8749,65.97,70,40,15.48,FR,1629099643
413,Yerbogachën,61.2767,108.0108,61.05,74,100,8.3,RU,1629099644
414,Iyo,33.7514,132.7014,76.86,88,75,8.05,JP,1629099644
415,Ceyhan,37.0247,35.8175,91.74,19,0,5.32,TR,1629099645
416,Anchorage,61.2181,-149.9003,57.65,80,1,1.99,US,1629099377
417,São Gabriel da Cachoeira,-0.1303,-67.0892,70.09,99,72,1.41,BR,1629099645
418,Balkhash,46.844,74.9804,72.21,40,40,11.18,KZ,1629099646
419,Lavrentiya,65.5833,-171.0,41.83,89,100,4.81,RU,1629099646
420,Tilichiki,60.4667,166.1,56.7,74,97,4.9,RU,1629099647
421,Guča,43.7767,20.2253,84.99,27,1,0.25,RS,1629099647
422,Conakry,9.538,-13.6773,75.27,94,75,0.0,GN,1629099421
423,Sarangani,5.4033,125.4636,83.64,72,96,11.25,PH,1629099648
424,Yaan,7.3833,8.5667,75.22,90,100,5.5,NG,1629099648
425,At-Bashi,41.1702,75.8106,65.17,25,12,12.93,KG,1629099648
426,Lagoa,39.05,-27.9833,71.73,82,100,10.42,PT,1629099649
427,Dixon,38.4455,-121.8233,78.98,53,1,4.61,US,1629099649
428,Berlevåg,70.8578,29.0864,46.2,81,75,17.27,NO,1629099650
429,Belvidere,42.2639,-88.8443,62.8,87,0,2.75,US,1629099620
430,Karratha,-20.7377,116.8463,85.42,27,66,13.96,AU,1629099650
431,Te Anau,-45.4167,167.7167,39.63,97,100,4.94,NZ,1629099651
432,Nautanwa,27.4333,83.4167,91.6,62,3,2.89,IN,1629099651
433,Valente,-11.4122,-39.4619,60.75,98,76,4.79,BR,1629099652
434,Pisco,-13.7,-76.2167,60.85,82,90,2.3,PE,1629099652
435,Dingle,10.9995,122.6711,86.95,69,74,7.27,PH,1629099652
436,Sabla,12.7525,4.7077,78.73,74,100,2.48,NG,1629099653
437,Yagodnoye,62.55,149.6667,69.24,54,99,6.33,RU,1629099653
438,Duvan,55.695,57.9024,81.19,37,70,4.0,RU,1629099654
439,Shubarshi,48.5872,57.1869,93.43,11,5,2.37,KZ,1629099654
440,Jinchang,38.4953,102.1739,90.97,25,0,14.88,CN,1629099654
441,Baykit,61.67,96.37,60.94,85,94,6.8,RU,1629099655
442,Jaru,-10.4389,-62.4664,73.38,49,0,2.35,BR,1629099655
443,Shihezi,44.3,86.0333,83.8,30,55,10.6,CN,1629099656
444,Tommot,58.9564,126.2925,82.62,48,9,5.7,RU,1629099656
445,San Luis,-33.295,-66.3356,54.41,39,93,11.7,AR,1629099656
446,Eydhafushi,5.1033,73.0708,82.58,74,100,16.11,MV,1629099657
447,Tallahassee,30.4383,-84.2807,80.62,90,40,1.01,US,1629098877
448,Broome,42.2506,-75.833,59.16,95,1,1.01,US,1629099657
449,Muhafazat Lahij,13.1667,44.5833,95.72,32,99,3.74,YE,1629099658
450,Alice Springs,-23.7,133.8833,69.35,13,3,13.8,AU,1629099658
451,Freetown,8.484,-13.2299,76.19,87,100,6.35,SL,1629099643
452,Gizo Government Station,-8.103,156.8419,78.67,84,100,11.27,SB,1629099659
453,Saint-Augustin,51.226,-58.6502,59.76,77,100,11.7,CA,1629099659
454,Umm Kaddadah,13.6017,26.6876,84.87,53,100,11.9,SD,1629099660
455,Vostok,46.4856,135.8833,71.53,51,16,3.18,RU,1629099660
456,Evensk,61.95,159.2333,50.0,92,100,5.99,RU,1629099660
457,Sundumbili,-29.1337,31.3975,68.31,56,0,4.92,ZA,1629099661
458,Vila Velha,-20.3297,-40.2925,67.95,94,75,3.44,BR,1629099661
459,Inta,66.0317,60.1659,66.49,69,99,23.58,RU,1629099662
460,Vestmannaeyjar,63.4427,-20.2734,54.43,89,100,10.96,IS,1629099662
461,Sakakah,29.9697,40.2064,92.77,14,0,7.49,SA,1629099663
462,Paamiut,61.994,-49.6678,44.76,98,100,11.23,GL,1629099663
463,Usinsk,65.9939,57.5281,65.98,74,98,21.23,RU,1629099664
464,Ust-Tsilma,65.441,52.1498,57.36,96,100,6.6,RU,1629099664
465,Gijang,35.2442,129.2139,83.93,69,48,16.24,KR,1629099664
466,Bud,39.447,-86.1758,69.89,85,92,5.64,US,1629099665
467,Santa Cruz de la Sierra,-17.8,-63.1667,62.06,77,1,2.3,BO,1629099665
468,Battle Creek,42.3212,-85.1797,60.58,85,72,2.8,US,1629099666
469,Sitka,57.0531,-135.33,55.29,88,90,3.44,US,1629099666
470,Djibo,14.1022,-1.6306,81.36,66,95,12.5,BF,1629099666
471,Ambilobe,-13.2,49.05,90.25,26,0,1.97,MG,1629099667
472,Pokhara,28.2333,83.9833,82.4,73,67,4.03,NP,1629099667
473,Mehrān,33.1222,46.1646,108.88,11,0,17.52,IR,1629099668
474,Panjāb,34.388,67.0233,73.62,8,0,7.43,AF,1629099668
475,Hualmay,-11.0964,-77.6139,59.95,86,65,7.94,PE,1629099669
476,Warrington,53.3925,-2.5802,60.8,81,75,7.0,GB,1629099669
477,Nurma,59.55,31.0167,65.79,56,37,10.78,RU,1629099669
478,Tabou,4.423,-7.3528,76.71,72,100,4.92,CI,1629099670
479,Souillac,-20.5167,57.5167,74.35,56,20,11.5,MU,1629099670
480,Vrangel',42.7297,133.0839,68.27,68,100,5.59,RU,1629099671
481,Noumea,-22.2763,166.4572,69.78,72,34,12.77,NC,1629099671
482,Honiara,-9.4333,159.95,77.76,89,100,4.54,SB,1629099671
483,Selikhino,50.3672,137.4996,76.14,62,3,5.86,RU,1629099672
484,Darnah,32.767,22.6367,80.64,63,0,16.42,LY,1629099672
485,Comodoro Rivadavia,-45.8667,-67.5,53.46,43,0,8.05,AR,1629099673
486,Hamilton,39.1834,-84.5333,70.05,90,75,0.0,US,1629099673
487,Snyder,32.7179,-100.9176,75.34,73,1,5.75,US,1629099673
488,Beyneu,45.3167,55.2,90.5,16,0,14.09,KZ,1629099674
489,Sola,-13.8833,167.55,77.94,76,84,25.34,VU,1629099674
490,Angoche,-16.2325,39.9086,76.55,63,94,13.91,MZ,1629099675
491,Riyadh,24.6877,46.7219,102.25,10,0,5.75,SA,1629099675
492,Progreso,21.2833,-89.6667,78.91,91,98,6.49,MX,1629099676
493,Port Hedland,-20.3167,118.5667,87.85,18,7,16.11,AU,1629099676
494,Manaquiri,-3.3167,-60.35,77.45,89,91,2.35,BR,1629099676
495,Guarapari,-20.6667,-40.4975,67.89,85,88,2.75,BR,1629099677
496,Urdoma,61.7533,48.5442,69.53,68,44,13.04,RU,1629099677
497,The Valley,18.217,-63.0578,82.09,77,97,15.75,AI,1629099678
498,Rwamagana,-1.9487,30.4347,71.04,36,9,6.17,RW,1629099678
499,Ghanzi,-21.5667,21.7833,70.36,34,0,17.0,BW,1629099679
500,Beira,-19.8436,34.8389,71.69,78,75,11.5,MZ,1629099679
501,High Level,58.5169,-117.136,55.51,94,75,6.91,CA,1629099679
502,Itoman,26.1247,127.6694,88.57,81,75,9.22,JP,1629099680
503,Hirara,24.8,125.2833,88.07,74,40,11.5,JP,1629099680
504,Siocon,7.7061,122.1353,82.85,81,99,5.26,PH,1629099681
505,Zhezkazgan,47.8043,67.7144,84.33,23,10,11.41,KZ,1629099681
506,Buala,-8.145,159.5921,79.38,80,100,1.88,SB,1629099681
507,Manokwari,-0.8667,134.0833,83.12,73,98,7.96,ID,1629099682
508,Durusu,41.3053,28.6767,81.54,60,0,10.0,TR,1629099682
509,Soyo,-6.1349,12.3689,74.61,84,100,8.08,AO,1629099682
510,Kristinestad,62.2743,21.376,64.2,64,11,2.82,FI,1629099683
511,Gobabis,-22.45,18.9667,70.84,24,0,26.31,NA,1629099683
512,Panama City,8.9936,-79.5197,75.15,100,75,2.3,PA,1629099441
513,Tamiahua,21.2667,-97.45,76.41,92,20,4.5,MX,1629099684
514,Koani,-6.1333,39.2833,78.42,78,75,11.5,TZ,1629099684
515,Strezhevoy,60.7333,77.5889,69.78,43,17,10.71,RU,1629099685
516,Kharp,66.8014,65.8081,62.06,70,96,7.02,RU,1629099685
517,Ungaran,-7.1397,110.405,89.26,46,40,10.36,ID,1629099685
518,Pimentel,-6.8367,-79.9342,63.0,85,95,3.0,PE,1629099686
519,Helong,42.5397,128.9972,67.69,95,100,2.93,CN,1629099686
520,Ust'-Ilimsk,58.0006,102.6619,69.84,39,71,12.21,RU,1629099687
521,Sarkand,45.41,79.9186,68.9,52,100,4.88,KZ,1629099687
522,Ayan,56.45,138.1667,69.13,74,78,8.97,RU,1629099688
523,Larsnes,62.2028,5.5773,60.85,84,74,16.37,NO,1629099688
524,Saint Anthony,45.0205,-93.218,67.8,72,1,3.0,US,1629099689
525,Kailua,21.4022,-157.7394,80.58,73,75,8.05,US,1629099689
526,Srednekolymsk,67.45,153.6833,52.74,53,100,12.48,RU,1629099689
527,Mount Vernon,40.9126,-73.8371,73.02,66,40,1.99,US,1629099690
528,Pierre,44.3683,-100.351,77.92,64,1,1.99,US,1629099690
529,Hazorasp,41.3194,61.0742,84.04,15,1,15.7,UZ,1629099691
530,College,64.8569,-147.8028,51.75,93,90,8.05,US,1629099691
531,Maragogi,-9.0122,-35.2225,70.93,82,73,9.26,BR,1629099691
532,Yangi Marg`ilon,40.4272,71.7189,81.75,21,0,6.91,UZ,1629099692
533,Shingū,33.7333,135.9833,80.91,91,100,5.12,JP,1629099692
534,Guerrero Negro,27.9769,-114.0611,71.46,82,16,8.52,MX,1629099693
535,Liverpool,53.4106,-2.9779,60.62,77,75,8.99,GB,1629099667
536,Korla,41.7597,86.1469,88.48,22,92,9.08,CN,1629099693
537,Howell,42.6073,-83.9294,60.49,94,1,0.0,US,1629099694
538,Ereymentau,51.6199,73.1033,76.89,36,20,5.08,KZ,1629099694
539,São Filipe,14.8961,-24.4956,77.02,88,100,5.21,CV,1629099694
540,Aswān,24.0934,32.907,96.1,20,0,13.8,EG,1629099695
541,Sambava,-14.2667,50.1667,76.48,58,2,18.77,MG,1629099695
542,Galveston,29.3669,-94.9669,80.98,92,96,2.33,US,1629099695
543,Deder,9.3167,41.45,67.51,58,33,6.82,ET,1629099696
544,Brae,60.3964,-1.353,53.51,72,91,17.76,GB,1629099696
545,Bonavista,48.6499,-53.1147,68.11,99,100,9.13,CA,1629099697
546,Vestmanna,62.1564,-7.1664,45.52,93,40,0.0,FO,1629099697
547,Olavarría,-36.8927,-60.3225,41.68,93,100,8.03,AR,1629099697
548,Sanmenxia,34.7747,111.1814,82.76,65,99,12.62,CN,1629099698
549,Tres Arroyos,-38.3739,-60.2798,44.58,84,98,12.06,AR,1629099698
550,Santarém,-2.4431,-54.7083,75.33,94,75,0.0,BR,1629099699
551,Prescott,34.54,-112.4685,70.9,100,90,11.5,US,1629099673
552,Phalombe,-15.8064,35.6507,66.63,63,53,4.45,MW,1629099699
553,Saint-Joseph,-21.3667,55.6167,73.76,68,70,15.3,RE,1629099700
554,Campoverde,-8.4753,-74.8058,76.05,64,86,1.43,PE,1629099700
555,Alice Town,25.7167,-79.3,82.94,77,100,9.93,BS,1629099700
556,La Palma,33.8464,-118.0467,80.49,85,1,4.0,US,1629099701
557,Nome,64.5011,-165.4064,46.47,82,90,11.5,US,1629099701
558,Ketchikan,55.3422,-131.6461,51.46,87,18,3.91,US,1629099702
559,Kajaani,64.2273,27.7285,59.05,88,20,6.91,FI,1629099702
560,Jardim,-21.4803,-56.1381,64.98,57,0,3.38,BR,1629099702
561,Smithers,54.7804,-127.1743,53.92,58,90,8.05,CA,1629099703
562,Kita,13.0349,-9.4895,74.08,86,100,1.28,ML,1629099703
563,Kamenka,51.3223,42.7678,75.24,70,95,4.09,RU,1629099704
564,Santa María del Oro,25.9333,-105.3667,64.17,80,37,3.29,MX,1629099704
565,Ürümqi,43.801,87.6005,68.95,60,0,4.47,CN,1629099704
566,Madimba,-10.4,40.3333,78.12,69,20,25.32,TZ,1629099705
567,Ilebo,-4.3167,20.5833,91.26,33,48,4.21,CD,1629099705
568,Nísia Floresta,-6.0911,-35.2086,70.61,91,89,8.57,BR,1629099706
